onset;duration;period;division;bar;beat;tatum;beat_duration;signature;pitch;phrase_id;phrase_begin;chorus_id;chord;form;idea
2.89088435374;0.156734693878;4;2;-1;1;2;0.417641723356;"""4/4""";58;1;1;-1;Eb6;I1;line_i_dd
3.23918367347;0.153832199546;4;2;-1;2;2;0.404081632653;"""4/4""";58;1;0;-1;Eb6;I1;line_i_dd
3.40462585034;0.177052154195;4;2;-1;3;1;0.374648526077;"""4/4""";63;1;0;-1;Eb6;I1;line_i_dd
3.60780045351;0.177052154195;4;2;-1;3;2;0.374648526077;"""4/4""";65;1;0;-1;Eb6;I1;line_i_dd
3.80517006803;0.206077097506;4;5;-1;4;1;0.402902494331;"""4/4""";62;1;0;-1;Eb6;I1;line_i_dd
4.03736961451;0.11029478458;4;5;-1;4;4;0.402902494331;"""4/4""";63;1;0;-1;Eb6;I1;line_i_dd
4.16217687075;0.246712018141;4;5;-1;4;5;0.402902494331;"""4/4""";65;1;0;-1;Eb6;I1;line_i_dd
4.41759637188;0.127709750567;4;2;0;1;2;0.375759637188;"""4/4""";62;1;0;-1;Eb6;I1;line_i_dd
4.5685260771;0.264126984127;4;4;0;2;1;0.3820861678;"""4/4""";65;1;0;-1;Eb6;I1;line_i_dd
4.85442176871;0.0769160997732;4;4;0;2;4;0.3820861678;"""4/4""";62;1;0;-1;Eb6;I1;line_i_dd
4.95455782313;0.232199546485;4;3;0;3;1;0.379682539683;"""4/4""";64;1;0;-1;Eb6;I1;line_i_dd
5.21142857143;0.13641723356;4;3;0;3;3;0.379682539683;"""4/4""";61;1;0;-1;Eb6;I1;line_i_dd
5.36671201814;0.208979591837;4;3;0;4;1;0.379750566893;"""4/4""";64;1;0;-1;Eb6;I1;line_i_dd
5.62648526077;0.0972335600907;4;3;0;4;3;0.379750566893;"""4/4""";61;1;0;-1;Eb6;I1;line_i_dd
5.76580498866;0.599365079365;4;1;1;1;1;0.389886621315;"""4/4""";63;1;0;1;F7;A1;line_i_dd
6.41160997732;0.107392290249;4;4;1;2;4;0.390793650794;"""4/4""";60;1;0;1;F7;A1;line_i_dd
6.59882086168;0.187210884354;4;4;1;3;2;0.390317460317;"""4/4""";67;1;0;1;F7;A1;line_w
6.7887755102;0.148979591837;4;4;1;3;4;0.390317460317;"""4/4""";65;1;0;1;F7;A1;line_w
6.97142857143;0.159183673469;4;4;1;4;2;0.379614512472;"""4/4""";63;1;0;1;F7;A1;line_w
7.15918367347;0.154081632653;4;4;1;4;4;0.379614512472;"""4/4""";60;1;0;1;F7;A1;line_w
7.32653061224;0.185714285714;4;2;2;1;1;0.374784580499;"""4/4""";56;1;0;1;Bb7;A1;line_w
7.52755102041;0.155102040816;4;2;2;1;2;0.374784580499;"""4/4""";60;1;0;1;Bb7;A1;line_w
7.70204081633;0.181632653061;4;2;2;2;1;0.389977324263;"""4/4""";63;1;0;1;Bb7;A1;line_w
7.92857142857;0.205102040816;4;2;2;2;2;0.389977324263;"""4/4""";67;1;0;1;Bb7;A1;line_w
8.14693877551;0.177551020408;4;4;2;3;2;0.404943310658;"""4/4""";66;1;0;1;Bb7;A1;line_w
8.34489795918;0.168367346939;4;4;2;3;4;0.404943310658;"""4/4""";62;1;0;1;Bb7;A1;line_w
8.53469387755;0.142857142857;4;4;2;4;2;0.376984126984;"""4/4""";58;1;0;1;Bb7;A1;line_w
8.72142857143;0.130612244898;4;4;2;4;4;0.376984126984;"""4/4""";57;1;0;1;Bb7;A1;line_w
8.91326530612;0.14387755102;4;4;3;1;2;0.380476190476;"""4/4""";56;1;0;1;Eb6;A1;line_w
9.10306122449;0.122448979592;4;4;3;1;4;0.380476190476;"""4/4""";60;1;0;1;Eb6;A1;line_w
9.24387755102;0.188775510204;4;2;3;2;1;0.385555555556;"""4/4""";59;1;0;1;Eb6;A1;line_w
9.46224489796;0.084693877551;4;2;3;2;2;0.385555555556;"""4/4""";57;1;0;1;Eb6;A1;line_w
9.57551020408;0.240816326531;4;4;3;3;1;0.38231292517;"""4/4""";58;1;0;1;Eb6;A1;line_w
9.8612244898;0.371428571429;4;4;3;3;4;0.38231292517;"""4/4""";51;1;0;1;Eb6;A1;line_w
10.2551020408;0.10306122449;4;4;3;4;4;0.373038548753;"""4/4""";51;1;0;1;Eb6;A1;line_w
11.9459183673;0.168367346939;4;4;5;1;2;0.36970521542;"""4/4""";55;2;1;1;Bb-7;A1;lick
12.1295918367;0.0540816326531;4;4;5;1;4;0.36970521542;"""4/4""";56;2;0;1;Bb-7;A1;lick
12.206122449;0.0530612244898;4;4;5;2;1;0.38179138322;"""4/4""";55;2;0;1;Bb-7;A1;lick
12.5357142857;0.0826530612245;4;4;5;2;4;0.38179138322;"""4/4""";55;2;0;1;Bb-7;A1;lick
12.6387755102;0.197959183673;4;2;5;3;1;0.386077097506;"""4/4""";56;2;0;1;Bb-7;A1;lick
12.8673469388;0.125532879819;4;2;5;3;2;0.386077097506;"""4/4""";54;2;0;1;Bb-7;A1;lick
13.8142857143;0.116326530612;4;4;6;2;2;0.378480725624;"""4/4""";54;3;1;1;Eb7;A1;lick
13.943877551;0.0744897959184;4;4;6;2;3;0.378480725624;"""4/4""";55;3;0;1;Eb7;A1;lick
14.037755102;0.158163265306;4;4;6;2;4;0.378480725624;"""4/4""";61;3;0;1;Eb7;A1;lick
14.2142857143;0.316326530612;4;1;6;3;1;0.373310657596;"""4/4""";58;3;0;1;Eb7;A1;lick
14.5724489796;0.207142857143;4;4;6;4;2;0.38358276644;"""4/4""";61;3;0;1;Eb7;A1;lick
14.8204081633;0.0795918367347;4;4;6;4;4;0.38358276644;"""4/4""";59;3;0;1;Eb7;A1;lick
14.9463945578;0.349750566893;4;1;7;1;1;0.36022675737;"""4/4""";60;3;0;1;Abj7;A1;lick
15.3382312925;0.13641723356;4;4;7;2;2;0.364172335601;"""4/4""";61;3;0;1;Abj7;A1;~rhythm_mr
15.5036734694;0.119002267574;4;4;7;2;4;0.364172335601;"""4/4""";62;3;0;1;Abj7;A1;~rhythm_mr
15.6720181406;0.174149659864;4;2;7;3;1;0.371723356009;"""4/4""";63;3;0;1;Abj7;A1;~rhythm_mr
15.8853514739;0.129160997732;4;2;7;3;2;0.371723356009;"""4/4""";65;3;0;1;Abj7;A1;~rhythm_mr
16.0711111111;0.132063492063;4;3;7;4;2;0.365600907029;"""4/4""";60;3;0;1;Abj7;A1;~rhythm_mr
16.227845805;0.133514739229;4;3;7;4;3;0.365600907029;"""4/4""";61;3;0;1;Abj7;A1;~rhythm_mr
16.4005442177;0.219138321995;4;3;8;1;1;0.381111111111;"""4/4""";63;3;0;1;Abj7;A1;~rhythm_mr
16.64;0.120453514739;4;3;8;1;3;0.381111111111;"""4/4""";65;3;0;1;Abj7;A1;~rhythm_mr
16.8489795918;0.14387755102;4;3;8;2;2;0.372517006803;"""4/4""";60;3;0;1;Abj7;A1;~rhythm_mr
17.0102040816;0.0959183673469;4;3;8;2;3;0.372517006803;"""4/4""";61;3;0;1;Abj7;A1;~rhythm_mr
17.162244898;0.195918367347;4;2;8;3;1;0.366848072562;"""4/4""";63;3;0;1;Abj7;A1;~rhythm_mr
17.3765306122;0.147959183673;4;2;8;3;2;0.366848072562;"""4/4""";65;3;0;1;Abj7;A1;~rhythm_mr
17.5653061224;0.177551020408;4;4;8;4;2;0.364149659864;"""4/4""";60;3;0;1;Abj7;A1;~rhythm_mr
17.7551020408;0.109183673469;4;4;8;4;4;0.364149659864;"""4/4""";61;3;0;1;Abj7;A1;~rhythm_mr
17.8897959184;0.239795918367;4;3;9;1;1;0.379183673469;"""4/4""";63;3;0;1;Ab6;A1;~rhythm_mr
18.143877551;0.135714285714;4;3;9;1;3;0.379183673469;"""4/4""";65;3;0;1;Ab6;A1;~rhythm_mr
18.3103854875;0.197369614512;4;4;9;2;2;0.389160997732;"""4/4""";63;3;0;1;Ab6;A1;~rhythm_mr
18.516462585;0.471655328798;4;4;9;2;4;0.389160997732;"""4/4""";65;3;0;1;Ab6;A1;~rhythm_mr
20.8848979592;0.206077097506;4;2;11;1;1;0.369319727891;"""4/4""";66;4;1;1;Eb6;A1;lick
21.1083900227;0.105941043084;4;2;11;1;2;0.369319727891;"""4/4""";65;4;0;1;Eb6;A1;lick
21.2622222222;0.182857142857;4;2;11;2;1;0.382879818594;"""4/4""";63;4;0;1;Eb6;A1;lick
21.4639455782;0.522448979592;4;2;11;2;2;0.382879818594;"""4/4""";65;4;0;1;Eb6;A1;lick
22.4232199546;0.200272108844;4;1;12;1;1;0.359909297052;"""4/4""";62;4;0;1;C7;A1;lick
23.1367346939;0.127551020408;4;3;12;3;2;0.378163265306;"""4/4""";58;5;1;1;C7;A1;lick
23.2724489796;0.170408163265;4;3;12;3;3;0.378163265306;"""4/4""";60;5;0;1;C7;A1;lick
23.4530612245;0.192857142857;4;3;12;4;1;0.359319727891;"""4/4""";61;5;0;1;C7;A1;lick
23.6775510204;0.130612244898;4;3;12;4;3;0.359319727891;"""4/4""";63;5;0;1;C7;A1;lick
23.8714285714;0.168367346939;4;4;13;1;2;0.363265306122;"""4/4""";59;5;0;1;F7;A1;lick
24.056122449;0.120408163265;4;4;13;1;4;0.363265306122;"""4/4""";60;5;0;1;F7;A1;lick
24.2224489796;0.190816326531;4;2;13;2;1;0.378639455782;"""4/4""";55;5;0;1;F7;A1;lick
24.4326530612;0.145918367347;4;2;13;2;2;0.378639455782;"""4/4""";58;5;0;1;F7;A1;lick
24.812244898;0.0948979591837;4;4;13;3;4;0.351995464853;"""4/4""";56;5;0;1;F7;A1;lick
24.9204081633;0.311224489796;4;1;13;4;1;0.367641723356;"""4/4""";57;5;0;1;F7;A1;lick
25.306122449;0.205102040816;4;2;14;1;1;0.358843537415;"""4/4""";60;5;0;1;F7;A1;lick
25.5234693878;0.515306122449;4;2;14;1;2;0.358843537415;"""4/4""";57;5;0;1;F7;A1;lick
26.0551020408;0.204081632653;4;4;14;3;2;0.378752834467;"""4/4""";60;5;0;1;F7;A1;lick
26.2762811791;0.483265306122;4;4;14;3;4;0.378752834467;"""4/4""";63;5;0;1;F7;A1;lick
26.7813151927;0.20462585034;4;4;15;1;2;0.374399092971;"""4/4""";60;5;0;1;Bb7;A1;lick
26.9975510204;0.362811791383;4;4;15;1;4;0.374399092971;"""4/4""";53;5;0;1;Bb7;A1;lick
27.3763265306;0.12335600907;4;4;15;2;4;0.369523809524;"""4/4""";53;5;0;1;Bb7;A1;lick
28.993015873;0.198820861678;4;4;16;3;1;0.387278911565;"""4/4""";50;6;1;1;C7;A1;lick
29.2963265306;0.130612244898;4;4;16;3;4;0.387278911565;"""4/4""";51;6;0;1;C7;A1;lick
29.5952834467;0.0783673469388;4;2;16;4;2;0.387528344671;"""4/4""";55;6;0;1;C7;A1;lick
29.8100680272;0.145124716553;4;4;17;1;2;0.388843537415;"""4/4""";60;6;0;1;F7;B1;lick
30.0509750567;0.120453514739;4;4;17;1;4;0.388843537415;"""4/4""";57;6;0;1;F7;B1;lick
31.2163265306;0.0972335600907;4;4;17;4;4;0.379591836735;"""4/4""";60;7;1;1;F7;B1;lick
31.3614512472;0.168344671202;4;2;18;1;1;0.365056689342;"""4/4""";56;7;0;1;Bb7;B1;lick
31.5820408163;0.12335600907;4;2;18;1;2;0.365056689342;"""4/4""";60;7;0;1;Bb7;B1;lick
31.7736054422;0.132063492063;4;4;18;2;2;0.38664399093;"""4/4""";63;7;0;1;Bb7;B1;lick
31.9535600907;0.129160997732;4;4;18;2;4;0.38664399093;"""4/4""";66;7;0;1;Bb7;B1;lick
32.1436734694;0.148027210884;4;2;18;3;1;0.381882086168;"""4/4""";67;7;0;1;Bb7;B1;lick
32.3120181406;0.166893424036;4;2;18;3;2;0.381882086168;"""4/4""";68;7;0;1;Bb7;B1;lick
33.4947845805;0.0740136054422;4;6;19;2;6;0.352811791383;"""4/4""";66;8;1;1;Eb6;B1;lick
33.8009977324;0.132063492063;4;4;19;3;4;0.363197278912;"""4/4""";70;8;0;1;Eb6;B1;lick
33.9780498866;0.210430839002;4;4;19;4;2;0.370793650794;"""4/4""";75;8;0;1;Eb6;B1;lick
34.2000907029;0.121904761905;4;4;19;4;4;0.370793650794;"""4/4""";74;8;0;1;Eb6;B1;lick
34.3437641723;0.195918367347;4;4;20;1;2;0.379183673469;"""4/4""";77;8;0;1;Eb6;B1;lick
34.5483900227;0.159637188209;4;4;20;1;4;0.379183673469;"""4/4""";75;8;0;1;Eb6;B1;lick
34.8168707483;0.169795918367;4;2;20;2;2;0.379931972789;"""4/4""";70;8;0;1;Eb6;B1;lick
35.1187301587;0.294603174603;4;1;20;3;1;0.366916099773;"""4/4""";68;8;0;1;Eb6;B1;lick
35.4597732426;0.195918367347;4;1;20;4;1;0.386553287982;"""4/4""";72;8;0;1;Eb6;B1;lick
35.8458049887;0.509387755102;4;1;21;1;1;0.366848072562;"""4/4""";70;8;0;1;Bb-7;B1;lick
36.4422675737;0.0943310657596;4;4;21;2;4;0.377324263039;"""4/4""";67;8;0;1;Bb-7;B1;lick
36.5946485261;0.233650793651;4;6;21;3;2;0.368798185941;"""4/4""";63;8;0;1;Bb-7;B1;lick
36.8500680272;0.087074829932;4;6;21;3;6;0.368798185941;"""4/4""";61;8;0;1;Bb-7;B1;lick
37.1562811791;0.470204081633;4;2;21;4;2;0.362789115646;"""4/4""";61;8;0;1;Bb-7;B1;lick
37.6439002268;0.178503401361;4;2;22;2;1;0.367142857143;"""4/4""";65;8;0;1;Eb7;B1;lick
37.8659410431;0.177052154195;4;2;22;2;2;0.367142857143;"""4/4""";68;8;0;1;Eb7;B1;lick
38.0662131519;0.161088435374;4;4;22;3;2;0.38156462585;"""4/4""";67;8;0;1;Eb7;B1;lick
38.2592290249;0.114648526077;4;4;22;3;4;0.38156462585;"""4/4""";63;8;0;1;Eb7;B1;lick
38.3970975057;0.229297052154;4;3;22;4;1;0.355351473923;"""4/4""";65;8;0;1;Eb7;B1;lick
38.643877551;0.102040816327;4;3;22;4;3;0.355351473923;"""4/4""";60;8;0;1;Eb7;B1;lick
38.7612244898;0.571428571429;4;1;23;1;1;0.359455782313;"""4/4""";63;8;0;1;Abj7;B1;lick
39.3632653061;0.110204081633;4;4;23;2;4;0.377505668934;"""4/4""";60;8;0;1;Abj7;B1;lick
39.4918367347;0.216326530612;4;4;23;3;1;0.359297052154;"""4/4""";65;8;0;1;Abj7;B1;lick
39.7530612245;0.107142857143;4;4;23;3;4;0.359297052154;"""4/4""";63;8;0;1;Abj7;B1;lick
41.9224489796;0.111224489796;4;4;25;1;4;0.375011337868;"""4/4""";56;9;1;1;Ab7;B1;lick_blues
42.0948979592;0.165306122449;4;4;25;2;2;0.355941043084;"""4/4""";60;9;0;1;Ab7;B1;lick_blues
42.3040816327;0.127551020408;4;4;25;2;4;0.355941043084;"""4/4""";63;9;0;1;Ab7;B1;lick_blues
42.4989795918;0.224489795918;4;2;25;3;2;0.371632653061;"""4/4""";65;9;0;1;Ab7;B1;lick_blues
42.762244898;0.105102040816;4;4;25;4;1;0.357301587302;"""4/4""";63;9;0;1;Ab7;B1;lick_blues
43.0280272109;0.169795918367;4;4;25;4;4;0.357301587302;"""4/4""";66;9;0;1;Ab7;B1;lick_blues
43.2587755102;0.148027210884;4;2;26;1;2;0.369183673469;"""4/4""";63;9;0;1;Ao7;B1;lick_blues
43.5403174603;0.570340136054;4;1;26;2;1;0.393219954649;"""4/4""";63;9;0;1;Ao7;B1;lick_blues
45.1134693878;0.107392290249;4;3;27;2;2;0.370113378685;"""4/4""";63;10;1;1;Eb6;B1;lick
45.2484353741;0.103038548753;4;3;27;2;3;0.370113378685;"""4/4""";67;10;0;1;Eb6;B1;lick
45.3775963719;0.239455782313;4;4;27;3;1;0.351337868481;"""4/4""";72;10;0;1;Eb6;B1;lick
45.6489795918;0.222040816327;4;4;27;3;4;0.351337868481;"""4/4""";75;10;0;1;Eb6;B1;lick
45.9726077098;0.222040816327;4;2;27;4;2;0.370362811791;"""4/4""";72;10;0;1;Eb6;B1;lick
46.2846258503;0.240907029478;4;2;28;1;2;0.35843537415;"""4/4""";66;10;0;1;C7;B1;lick
46.8477097506;0.325079365079;4;1;28;3;1;0.371904761905;"""4/4""";63;10;0;1;C7;B1;lick
47.193106576;0.20462585034;4;3;28;4;1;0.350090702948;"""4/4""";60;10;0;1;C7;B1;lick
47.4282086168;0.107392290249;4;3;28;4;3;0.350090702948;"""4/4""";63;10;0;1;C7;B1;lick
47.5921995465;0.133514739229;4;4;29;1;2;0.367868480726;"""4/4""";67;10;0;1;F7;B1;lick
47.7779591837;0.179954648526;4;4;29;1;4;0.367868480726;"""4/4""";72;10;0;1;F7;B1;lick
47.9753287982;0.163990929705;4;4;29;2;2;0.363378684807;"""4/4""";67;10;0;1;F7;B1;lick
48.175600907;0.12335600907;4;4;29;2;4;0.363378684807;"""4/4""";65;10;0;1;F7;B1;lick
48.3479591837;0.172448979592;4;4;29;3;2;0.386485260771;"""4/4""";63;10;0;1;F7;B1;lick
48.556122449;0.107142857143;4;4;29;3;4;0.386485260771;"""4/4""";60;10;0;1;F7;B1;lick
48.7275510204;0.137755102041;4;3;29;4;2;0.379455782313;"""4/4""";63;10;0;1;F7;B1;lick
48.887755102;0.125510204082;4;3;29;4;3;0.379455782313;"""4/4""";66;10;0;1;F7;B1;lick
49.0153061224;0.216326530612;4;3;30;1;1;0.369206349206;"""4/4""";67;10;0;1;Bb7;B1;lick
49.243877551;0.138775510204;4;3;30;1;3;0.369206349206;"""4/4""";66;10;0;1;Bb7;B1;lick
49.3897959184;0.39693877551;4;1;30;2;1;0.366031746032;"""4/4""";67;10;0;1;Bb7;B1;lick
49.8051020408;0.190816326531;4;4;30;3;2;0.365941043084;"""4/4""";63;10;0;1;Bb7;B1;lick
50.006122449;0.142857142857;4;4;30;3;4;0.365941043084;"""4/4""";58;10;0;1;Bb7;B1;lick
50.1797732426;0.197369614512;4;4;30;4;2;0.375532879819;"""4/4""";55;10;0;1;Bb7;B1;lick
50.3902040816;0.0595011337868;4;4;30;4;4;0.375532879819;"""4/4""";56;10;0;1;Bb7;B1;lick
50.4874376417;0.216235827664;4;3;31;1;1;0.363922902494;"""4/4""";58;10;0;1;Eb6;B1;lick
50.7167346939;0.433922902494;4;3;31;1;3;0.363922902494;"""4/4""";63;10;0;1;Eb6;B1;lick
51.4673469388;0.128571428571;4;2;31;3;2;0.389138321995;"""4/4""";67;11;1;1;Eb6;B1;lick
51.6102040816;0.191836734694;4;1;31;4;1;0.368480725624;"""4/4""";72;11;0;1;Eb6;B1;lick
52.2306122449;0.132653061224;4;2;32;1;2;0.371587301587;"""4/4""";67;11;0;1;Eb6;B1;lick
52.3673469388;0.173469387755;4;1;32;2;1;0.365351473923;"""4/4""";72;11;0;1;Eb6;B1;lick
52.7183673469;0.459183673469;4;1;32;3;1;0.380702947846;"""4/4""";75;11;0;1;Eb6;B1;lick
53.187755102;0.128571428571;4;1;32;4;1;0.402494331066;"""4/4""";72;11;0;1;Eb6;B1;lick
53.5653061224;0.538775510204;4;1;33;1;1;0.383083900227;"""4/4""";75;11;0;2;F7;A1;lick
54.1823129252;0.13641723356;4;4;33;2;4;0.373832199546;"""4/4""";72;11;0;2;F7;A1;lick
54.3811337868;0.158185941043;4;2;33;3;2;0.387210884354;"""4/4""";67;11;0;2;F7;A1;lick
54.601723356;0.126258503401;4;1;33;4;1;0.356666666667;"""4/4""";63;11;0;2;F7;A1;lick
55.846893424;0.140770975057;4;4;34;3;2;0.379297052154;"""4/4""";67;12;1;2;Bb7;A1;lick
56.0428117914;0.148027210884;4;4;34;3;4;0.379297052154;"""4/4""";70;12;0;2;Bb7;A1;lick
56.2126077098;0.159637188209;4;4;34;4;2;0.37387755102;"""4/4""";67;12;0;2;Bb7;A1;lick
56.4143310658;0.127709750567;4;4;34;4;4;0.37387755102;"""4/4""";65;12;0;2;Bb7;A1;lick
56.582675737;0.127709750567;4;6;35;1;3;0.379410430839;"""4/4""";63;12;0;2;Eb6;A1;lick
56.7295918367;0.0612244897959;4;6;35;1;5;0.379410430839;"""4/4""";65;12;0;2;Eb6;A1;lick
56.8020408163;0.0959183673469;4;6;35;1;6;0.379410430839;"""4/4""";63;12;0;2;Eb6;A1;lick
56.9265306122;0.181632653061;4;4;35;2;2;0.367233560091;"""4/4""";62;12;0;2;Eb6;A1;lick
57.1285714286;0.155102040816;4;4;35;2;4;0.367233560091;"""4/4""";65;12;0;2;Eb6;A1;lick
57.3112244898;0.19693877551;4;1;35;3;1;0.376530612245;"""4/4""";63;12;0;2;Eb6;A1;lick
57.5826530612;0.122448979592;4;3;35;4;1;0.349818594104;"""4/4""";58;12;0;2;Eb6;A1;lick
57.8380045351;0.339591836735;4;3;35;4;3;0.349818594104;"""4/4""";58;12;0;2;Eb6;A1;lick
58.2066213152;0.116099773243;4;2;36;1;2;0.384126984127;"""4/4""";58;12;0;2;Eb6;A1;lick
60.1527437642;0.190113378685;4;4;37;3;1;0.353106575964;"""4/4""";70;13;1;2;Bb-7;A1;lick
60.361723356;0.0551473922902;4;4;37;3;3;0.353106575964;"""4/4""";72;13;0;2;Bb-7;A1;lick
60.4342857143;0.11029478458;4;4;37;3;4;0.353106575964;"""4/4""";70;13;0;2;Bb-7;A1;lick
60.5765079365;0.156734693878;4;1;37;4;1;0.351247165533;"""4/4""";68;13;0;2;Bb-7;A1;lick
61.6489795918;0.274285714286;4;1;38;3;1;0.357052154195;"""4/4""";67;14;1;2;Eb7;A1;lick
61.9450340136;0.203174603175;4;3;38;4;1;0.347392290249;"""4/4""";70;14;0;2;Eb7;A1;lick
62.1641723356;0.172698412698;4;3;38;4;3;0.347392290249;"""4/4""";71;14;0;2;Eb7;A1;lick
62.3542857143;0.187210884354;4;4;39;1;2;0.36873015873;"""4/4""";72;14;0;2;Abj7;A1;lick
62.5574603175;0.116099773243;4;4;39;1;4;0.36873015873;"""4/4""";73;14;0;2;Abj7;A1;lick
62.6967800454;0.206077097506;4;4;39;2;2;0.367029478458;"""4/4""";74;14;0;2;Abj7;A1;lick
62.9209977324;0.15746031746;4;4;39;2;4;0.367029478458;"""4/4""";75;14;0;2;Abj7;A1;lick
63.1016780045;0.164716553288;4;4;39;3;2;0.375056689342;"""4/4""";77;14;0;2;Abj7;A1;lick
63.2859863946;0.171972789116;4;4;39;3;4;0.375056689342;"""4/4""";75;14;0;2;Abj7;A1;lick
63.4681179138;0.171972789116;4;4;39;4;2;0.374444444444;"""4/4""";74;14;0;2;Abj7;A1;lick
63.645170068;0.156734693878;4;4;39;4;4;0.374444444444;"""4/4""";77;14;0;2;Abj7;A1;lick
63.8316553288;0.179229024943;4;1;40;1;1;0.354512471655;"""4/4""";75;14;0;2;Abj7;A1;lick
64.393877551;0.110204081633;4;4;40;2;4;0.360340136054;"""4/4""";72;14;0;2;Abj7;A1;lick
64.5173469388;0.187755102041;4;2;40;3;1;0.365827664399;"""4/4""";75;14;0;2;Abj7;A1;lick
64.7132879819;0.0783673469388;4;2;40;3;2;0.365827664399;"""4/4""";77;14;0;2;Abj7;A1;lick
64.8025396825;0.106666666667;4;4;40;4;1;0.345215419501;"""4/4""";75;14;0;2;Abj7;A1;lick
64.9229931973;0.17052154195;4;4;40;4;2;0.345215419501;"""4/4""";72;14;0;2;Abj7;A1;lick
65.1326984127;0.108843537415;4;4;40;4;4;0.345215419501;"""4/4""";75;14;0;2;Abj7;A1;lick
65.2575056689;0.239455782313;4;6;41;1;2;0.366235827664;"""4/4""";77;14;0;2;Ab6;A1;lick
65.5085714286;0.146575963719;4;6;41;1;6;0.366235827664;"""4/4""";75;14;0;2;Ab6;A1;lick
65.7763265306;0.554376417234;4;2;41;2;2;0.35306122449;"""4/4""";75;14;0;2;Ab6;A1;lick
67.1869387755;0.10306122449;4;2;42;2;2;0.353650793651;"""4/4""";71;15;1;2;Db7;A1;lick
67.3387755102;0.235714285714;4;4;42;3;1;0.339138321995;"""4/4""";82;15;0;2;Db7;A1;lick
67.5857142857;0.179591836735;4;4;42;3;4;0.339138321995;"""4/4""";80;15;0;2;Db7;A1;lick
69.5224489796;0.158163265306;4;1;44;1;1;0.354693877551;"""4/4""";79;16;1;2;C7;A1;lick
69.8485260771;0.229591836735;4;3;44;2;1;0.362766439909;"""4/4""";84;16;0;2;C7;A1;lick
70.0979591837;0.14693877551;4;3;44;2;3;0.362766439909;"""4/4""";86;16;0;2;C7;A1;lick
71.137755102;0.108163265306;4;2;45;1;2;0.353718820862;"""4/4""";79;17;1;2;F7;A1;#lick
71.2846938776;0.20612244898;4;3;45;2;1;0.332358276644;"""4/4""";85;17;0;2;F7;A1;#lick
71.5010204082;0.158163265306;4;3;45;2;3;0.332358276644;"""4/4""";86;17;0;2;F7;A1;#lick
71.6959637188;1.18857142857;4;1;45;3;1;0.376870748299;"""4/4""";84;17;0;2;F7;A1;#lick
73.1225396825;0.166167800454;4;6;46;3;2;0.359206349206;"""4/4""";79;17;0;2;F7;A1;lick
73.2952380952;0.052970521542;4;6;46;3;5;0.359206349206;"""4/4""";80;17;0;2;F7;A1;lick
73.3576417234;0.0848979591837;4;6;46;3;6;0.359206349206;"""4/4""";79;17;0;2;F7;A1;lick
73.4548752834;0.175600907029;4;2;46;4;1;0.347823129252;"""4/4""";75;17;0;2;F7;A1;lick
73.6536961451;0.140045351474;4;2;46;4;2;0.347823129252;"""4/4""";79;17;0;2;F7;A1;lick
73.8082539683;0.169070294785;4;6;47;1;2;0.36619047619;"""4/4""";77;17;0;2;Bb7;A1;lick
73.9918367347;0.0391836734694;4;6;47;1;5;0.36619047619;"""4/4""";79;17;0;2;Bb7;A1;lick
74.0397278912;0.104489795918;4;6;47;1;6;0.36619047619;"""4/4""";77;17;0;2;Bb7;A1;lick
74.1761451247;0.146575963719;4;2;47;2;1;0.345555555556;"""4/4""";72;17;0;2;Bb7;A1;lick
74.3452154195;0.166893424036;4;2;47;2;2;0.345555555556;"""4/4""";75;17;0;2;Bb7;A1;lick
74.5324263039;0.190113378685;4;6;47;3;2;0.374240362812;"""4/4""";74;17;0;2;Bb7;A1;lick
74.7885714286;0.119002267574;4;6;47;3;6;0.374240362812;"""4/4""";70;17;0;2;Bb7;A1;lick
75.0759183673;0.362811791383;4;2;47;4;2;0.344761904762;"""4/4""";70;17;0;2;Bb7;A1;lick
75.9510204082;0.224943310658;4;1;48;3;1;0.36514739229;"""4/4""";74;18;1;2;C7;A1;#5lick
76.7042176871;0.220589569161;4;3;49;1;1;0.375532879819;"""4/4""";77;18;0;2;F7;B1;#5lick
76.9407709751;0.127709750567;4;3;49;1;3;0.375532879819;"""4/4""";75;18;0;2;F7;B1;#5lick
78.0350113379;0.108843537415;4;4;49;4;4;0.343560090703;"""4/4""";69;19;1;2;F7;B1;lick
78.1670748299;0.207528344671;4;3;50;1;1;0.377959183673;"""4/4""";72;19;0;2;Bb7;B1;lick
78.4108843537;0.0957823129252;4;3;50;1;3;0.377959183673;"""4/4""";75;19;0;2;Bb7;B1;lick
78.5197278912;0.359909297052;4;1;50;2;1;0.357505668934;"""4/4""";79;19;0;2;Bb7;B1;lick
78.9028571429;0.178503401361;4;4;50;3;2;0.371678004535;"""4/4""";75;19;0;2;Bb7;B1;lick
79.1350566893;0.169795918367;4;4;50;3;4;0.371678004535;"""4/4""";70;19;0;2;Bb7;B1;lick
79.6212244898;0.181405895692;4;2;51;1;1;0.366598639456;"""4/4""";68;19;0;2;Eb6;B1;lick
79.8258503401;0.0667573696145;4;2;51;1;2;0.366598639456;"""4/4""";66;19;0;2;Eb6;B1;lick
79.9346938776;0.206077097506;4;3;51;2;1;0.350204081633;"""4/4""";67;19;0;2;Eb6;B1;lick
80.1741496599;0.539863945578;4;3;51;2;3;0.350204081633;"""4/4""";70;19;0;2;Eb6;B1;lick
82.3865759637;0.173424036281;4;4;53;1;1;0.362471655329;"""4/4""";79;20;1;2;Eb6;B1;line_t_alds
82.5665306122;0.089977324263;4;4;53;1;3;0.362471655329;"""4/4""";80;20;0;2;Bb-7;B1;line_t_alds
82.660861678;0.0725623582766;4;4;53;1;4;0.362471655329;"""4/4""";81;20;0;2;Bb-7;B1;line_t_alds
82.7385034014;0.0856235827664;4;4;53;2;1;0.353106575964;"""4/4""";82;20;0;2;Bb-7;B1;line_t_alds
82.8604081633;0.0544217687075;4;4;53;2;2;0.353106575964;"""4/4""";83;20;0;2;Bb-7;B1;line_t_alds
82.9242630385;0.0761904761905;4;4;53;2;3;0.353106575964;"""4/4""";84;20;0;2;Bb-7;B1;line_t_alds
83.0142403628;0.0783673469388;4;4;53;2;4;0.353106575964;"""4/4""";85;20;0;2;Bb-7;B1;line_t_alds
83.1013151927;0.0725623582766;4;4;53;3;1;0.356235827664;"""4/4""";86;20;0;2;Bb-7;B1;line_t_alds
83.182585034;0.11029478458;4;4;53;3;2;0.356235827664;"""4/4""";87;20;0;2;Bb-7;B1;line_t_alds
83.3117460317;0.0798185941043;4;4;53;3;3;0.356235827664;"""4/4""";86;20;0;2;Bb-7;B1;line_t_alds
83.4053514739;0.0907029478458;4;4;53;3;4;0.356235827664;"""4/4""";85;20;0;2;Bb-7;B1;line_t_alds
83.5098412698;0.141496598639;4;1;53;4;1;0.346870748299;"""4/4""";84;20;0;2;Bb-7;B1;line_t_alds
84.5844897959;0.335238095238;4;1;54;3;1;0.364308390023;"""4/4""";82;21;1;2;Eb7;B1;lick
84.9385941043;0.178503401361;4;2;54;4;1;0.349138321995;"""4/4""";79;21;0;2;Eb7;B1;lick
85.1316099773;0.165442176871;4;2;54;4;2;0.349138321995;"""4/4""";82;21;0;2;Eb7;B1;lick
85.3231746032;0.172698412698;4;4;55;1;2;0.367641723356;"""4/4""";80;21;0;2;Abj7;B1;lick
85.5742403628;0.129160997732;4;4;55;1;4;0.367641723356;"""4/4""";75;21;0;2;Abj7;B1;lick
86.0400907029;0.223492063492;4;4;55;3;2;0.357369614512;"""4/4""";77;22;1;2;Abj7;B1;lick
86.2882539683;0.121904761905;4;4;55;3;4;0.357369614512;"""4/4""";73;22;0;2;Abj7;B1;lick
86.645260771;0.211882086168;4;4;55;4;4;0.358253968254;"""4/4""";75;22;0;2;Abj7;B1;lick
86.987755102;0.108843537415;4;4;56;1;4;0.351519274376;"""4/4""";72;22;0;2;Abj7;B1;lick
87.4507029478;0.178503401361;4;1;56;3;1;0.388004535147;"""4/4""";73;23;1;2;Abj7;B1;lick
87.8251247166;0.208979591837;4;1;56;4;1;0.353764172336;"""4/4""";74;23;0;2;Abj7;B1;lick
88.1922902494;0.574693877551;4;1;57;1;1;0.357777777778;"""4/4""";75;23;0;2;Ab7;B1;lick
88.801814059;0.11029478458;4;4;57;2;4;0.369569160998;"""4/4""";72;23;0;2;Ab7;B1;lick
88.9295238095;0.213333333333;4;2;57;3;1;0.369433106576;"""4/4""";77;23;0;2;Ab7;B1;lick
89.1544671202;0.129160997732;4;2;57;3;2;0.369433106576;"""4/4""";75;23;0;2;Ab7;B1;lick
90.3372335601;0.223492063492;4;3;58;3;1;0.3689569161;"""4/4""";71;24;1;2;Ao7;B1;fragment
90.5766893424;0.129160997732;4;3;58;3;3;0.3689569161;"""4/4""";70;24;0;2;Ao7;B1;fragment
91.8218594104;0.169795918367;4;4;59;3;2;0.358049886621;"""4/4""";66;25;1;2;Eb6;B1;fragment
92.0090702948;0.0972335600907;4;4;59;3;4;0.358049886621;"""4/4""";67;25;0;2;Eb6;B1;fragment
92.1309750567;0.219138321995;4;1;59;4;1;0.354308390023;"""4/4""";68;25;0;2;Eb6;B1;fragment
92.6911564626;0.137868480726;4;2;60;1;2;0.352267573696;"""4/4""";66;25;0;2;C7;B1;lick
92.8856235828;0.143673469388;4;4;60;2;2;0.348639455782;"""4/4""";67;25;0;2;C7;B1;lick
93.0554195011;0.129160997732;4;4;60;2;4;0.348639455782;"""4/4""";70;25;0;2;C7;B1;lick
93.2063492063;0.165442176871;4;4;60;3;2;0.360294784581;"""4/4""";74;25;0;2;C7;B1;lick
93.3935600907;0.153832199546;4;4;60;3;4;0.360294784581;"""4/4""";77;25;0;2;C7;B1;lick
93.5619047619;0.148027210884;4;2;60;4;1;0.349863945578;"""4/4""";76;25;0;2;C7;B1;lick
93.7389569161;0.119002267574;4;2;60;4;2;0.349863945578;"""4/4""";74;25;0;2;C7;B1;lick
93.8739229025;0.206077097506;4;4;61;1;1;0.362403628118;"""4/4""";75;25;0;2;F7;B1;lick
94.1511111111;0.0769160997732;4;4;61;1;4;0.362403628118;"""4/4""";72;25;0;2;F7;B1;lick
94.6009977324;0.171247165533;4;1;61;3;1;0.356825396825;"""4/4""";69;25;0;2;F7;B1;lick
94.9449433107;0.201723356009;4;3;61;4;1;0.358049886621;"""4/4""";75;25;0;2;F7;B1;lick
95.1771428571;0.169795918367;4;3;61;4;3;0.358049886621;"""4/4""";79;25;0;2;F7;B1;lick
95.3672562358;0.12335600907;4;4;62;1;2;0.357845804989;"""4/4""";78;25;0;2;Bb7;B1;lick
95.5472108844;0.137868480726;4;4;62;1;4;0.357845804989;"""4/4""";74;25;0;2;Bb7;B1;lick
95.7097505669;0.158185941043;4;4;62;2;2;0.347936507937;"""4/4""";70;25;0;2;Bb7;B1;lick
95.8969614512;0.108843537415;4;4;62;2;4;0.347936507937;"""4/4""";69;25;0;2;Bb7;B1;lick
96.0333786848;0.166893424036;4;2;62;3;1;0.374988662132;"""4/4""";68;25;0;2;Bb7;B1;lick
96.2568707483;0.113197278912;4;2;62;3;2;0.374988662132;"""4/4""";72;25;0;2;Bb7;B1;lick
96.4063492063;0.143673469388;4;6;62;4;2;0.346530612245;"""4/4""";71;25;0;2;Bb7;B1;lick
96.6516099773;0.0740136054422;4;6;62;4;6;0.346530612245;"""4/4""";65;25;0;2;Bb7;B1;lick
96.7807709751;0.130612244898;4;1;63;1;1;0.379818594104;"""4/4""";70;25;0;2;Eb6;B1;lick
97.314829932;0.12335600907;4;2;63;2;2;0.37798185941;"""4/4""";70;26;1;2;Eb6;B1;lick
97.446893424;0.207528344671;4;2;63;3;1;0.358752834467;"""4/4""";75;26;0;2;Eb6;B1;lick
97.6732879819;0.161088435374;4;2;63;3;2;0.358752834467;"""4/4""";70;26;0;2;Eb6;B1;lick
98.0056235828;0.188662131519;4;2;63;4;2;0.374353741497;"""4/4""";75;26;0;2;Eb6;B1;lick
98.4148752834;0.114648526077;4;2;64;1;2;0.363492063492;"""4/4""";75;26;0;2;Eb6;B1;lick
98.551292517;0.181405895692;4;2;64;2;1;0.345827664399;"""4/4""";78;26;0;2;Eb6;B1;lick
98.7486621315;0.124807256236;4;2;64;2;2;0.345827664399;"""4/4""";79;26;0;2;Eb6;B1;lick
98.8821768707;0.233650793651;4;3;64;3;1;0.357256235828;"""4/4""";75;26;0;2;Eb6;B1;lick
99.1201814059;0.132063492063;4;3;64;3;3;0.357256235828;"""4/4""";77;26;0;2;Eb6;B1;lick
99.4075283447;0.484716553288;4;2;64;4;2;0.339546485261;"""4/4""";75;26;0;2;Eb6;B1;lick
100.969070295;0.197369614512;4;1;66;1;1;0.358707482993;"""4/4""";87;27;1;3;F7;A1;fragment
102.389795918;0.214285714286;4;1;67;1;1;0.377551020408;"""4/4""";87;28;1;3;Eb6;A1;#lick
102.77877551;0.178503401361;4;2;67;2;1;0.338412698413;"""4/4""";85;28;0;3;Eb6;A1;#lick
102.976145125;0.142222222222;4;2;67;2;2;0.338412698413;"""4/4""";84;28;0;3;Eb6;A1;#lick
103.154648526;0.195918367347;4;4;67;3;2;0.350589569161;"""4/4""";82;28;0;3;Eb6;A1;#lick
103.385396825;0.139319727891;4;4;67;3;4;0.350589569161;"""4/4""";84;28;0;3;Eb6;A1;#lick
103.694512472;0.481814058957;4;4;67;4;4;0.346077097506;"""4/4""";82;28;0;3;Eb6;A1;#lick
104.221315193;0.14947845805;4;2;68;2;1;0.360589569161;"""4/4""";80;28;0;3;Eb6;A1;#lick
104.398367347;0.132063492063;4;2;68;2;2;0.360589569161;"""4/4""";78;28;0;3;Eb6;A1;#lick
104.573968254;0.219138321995;4;1;68;3;1;0.332471655329;"""4/4""";75;28;0;3;Eb6;A1;#lick
104.816326531;0.127709750567;4;4;68;4;1;0.347301587302;"""4/4""";77;28;0;3;Eb6;A1;#lick
105.103673469;0.52970521542;4;4;68;4;4;0.347301587302;"""4/4""";75;28;0;3;Eb6;A1;#lick
106.624580499;0.0834467120181;4;4;70;1;1;0.359070294785;"""4/4""";78;29;1;3;Eb7;A1;lick
106.7138322;0.0638548752834;4;4;70;1;2;0.359070294785;"""4/4""";79;29;0;3;Eb7;A1;lick
106.784943311;0.0645804988662;4;4;70;1;3;0.359070294785;"""4/4""";78;29;0;3;Eb7;A1;lick
106.856780045;0.145124716553;4;4;70;1;4;0.359070294785;"""4/4""";75;29;0;3;Eb7;A1;lick
107.01569161;0.0841723356009;4;5;70;2;2;0.340430839002;"""4/4""";77;29;0;3;Eb7;A1;lick
107.105102041;0.0391836734694;4;5;70;2;3;0.340430839002;"""4/4""";79;29;0;3;Eb7;A1;lick
107.148480726;0.0507936507937;4;5;70;2;4;0.340430839002;"""4/4""";77;29;0;3;Eb7;A1;lick
107.204353741;0.137142857143;4;5;70;2;5;0.340430839002;"""4/4""";73;29;0;3;Eb7;A1;lick
107.353106576;0.220589569161;4;6;70;3;2;0.355170068027;"""4/4""";75;29;0;3;Eb7;A1;lick
107.5969161;0.100136054422;4;6;70;3;6;0.355170068027;"""4/4""";75;29;0;3;Eb7;A1;lick
107.717369615;0.145124716553;4;1;70;4;1;0.343718820862;"""4/4""";77;29;0;3;Eb7;A1;lick
108.567346939;0.142857142857;4;2;71;2;2;0.347029478458;"""4/4""";75;30;1;3;Abj7;A1;#lick
108.719387755;0.10612244898;4;6;71;3;1;0.337777777778;"""4/4""";78;30;0;3;Abj7;A1;#lick
108.830612245;0.0530612244898;4;6;71;3;3;0.337777777778;"""4/4""";79;30;0;3;Abj7;A1;#lick
108.894897959;0.0418367346939;4;6;71;3;4;0.337777777778;"""4/4""";77;30;0;3;Abj7;A1;#lick
108.944897959;0.105102040816;4;6;71;3;5;0.337777777778;"""4/4""";75;30;0;3;Abj7;A1;#lick
109.060204082;0.20612244898;4;3;71;4;1;0.347755102041;"""4/4""";77;30;0;3;Abj7;A1;#lick
109.284693878;0.474489795918;4;3;71;4;3;0.347755102041;"""4/4""";75;30;0;3;Abj7;A1;#lick
109.774489796;0.180612244898;4;1;72;2;1;0.355396825397;"""4/4""";77;30;0;3;Abj7;A1;#lick
110.685714286;0.132653061224;4;2;72;4;2;0.343038548753;"""4/4""";75;31;1;3;Abj7;A1;#lick
110.820408163;0.317346938776;4;1;73;1;1;0.348662131519;"""4/4""";78;31;0;3;Ab6;A1;#lick
111.164285714;0.247959183673;4;4;73;2;1;0.353219954649;"""4/4""";75;31;0;3;Ab6;A1;#lick
111.42244898;0.0857142857143;4;4;73;2;4;0.353219954649;"""4/4""";73;31;0;3;Ab6;A1;#lick
111.537755102;0.529591836735;4;1;73;3;1;0.353968253968;"""4/4""";75;31;0;3;Ab6;A1;#lick
112.603718821;0.190113378685;4;2;74;2;1;0.364603174603;"""4/4""";81;32;1;3;Db7;A1;lick_blues
112.817052154;0.153832199546;4;2;74;2;2;0.364603174603;"""4/4""";80;32;0;3;Db7;A1;lick_blues
112.989750567;0.200272108844;4;4;74;3;2;0.346757369615;"""4/4""";78;32;0;3;Db7;A1;lick_blues
113.2030839;0.129160997732;4;4;74;3;4;0.346757369615;"""4/4""";75;32;0;3;Db7;A1;lick_blues
115.004081633;0.24693877551;4;4;76;1;1;0.340045351474;"""4/4""";81;33;1;3;Eb6;A1;#lick
115.26122449;0.0704081632653;4;4;76;1;4;0.340045351474;"""4/4""";80;33;0;3;C7;A1;#lick
115.342857143;0.238775510204;4;4;76;2;1;0.330408163265;"""4/4""";78;33;0;3;C7;A1;#lick
115.592857143;0.437755102041;4;4;76;2;4;0.330408163265;"""4/4""";75;33;0;3;C7;A1;#lick
116.057142857;0.190816326531;4;1;76;4;1;0.328684807256;"""4/4""";72;33;0;3;C7;A1;#lick
116.419387755;0.194897959184;4;2;77;1;1;0.349297052154;"""4/4""";79;33;0;3;Eb7;A1;lick
116.622222222;0.173469387755;4;2;77;1;2;0.349297052154;"""4/4""";84;33;0;3;Eb7;A1;lick
116.816326531;0.154081632653;4;4;77;2;2;0.34;"""4/4""";79;33;0;3;Eb7;A1;lick
116.986734694;0.14387755102;4;4;77;2;4;0.34;"""4/4""";77;33;0;3;Eb7;A1;lick
117.146938776;0.145918367347;4;4;77;3;2;0.363424036281;"""4/4""";75;33;0;3;Eb7;A1;lick
117.302902494;0.0578684807256;4;4;77;3;3;0.363424036281;"""4/4""";77;33;0;3;Eb7;A1;lick
117.36675737;0.095283446712;4;4;77;3;4;0.363424036281;"""4/4""";75;33;0;3;Eb7;A1;lick
117.474489796;0.192857142857;4;2;77;4;1;0.343945578231;"""4/4""";72;33;0;3;Eb7;A1;lick
117.679591837;0.468367346939;4;2;77;4;2;0.343945578231;"""4/4""";75;33;0;3;Eb7;A1;lick
118.217142857;0.0711111111111;4;2;78;2;1;0.341541950113;"""4/4""";72;33;0;3;Eb7;A1;lick
118.407981859;0.101587301587;4;2;78;2;2;0.341541950113;"""4/4""";79;33;0;3;Eb7;A1;lick
118.533514739;0.202448979592;4;2;78;3;1;0.355532879819;"""4/4""";84;33;0;3;Eb7;A1;lick
118.752040816;0.160204081633;4;2;78;3;2;0.355532879819;"""4/4""";87;33;0;3;Eb7;A1;lick
120.482539683;0.171247165533;4;2;79;4;2;0.343378684807;"""4/4""";91;34;1;3;Bb7;A1;rhythm_si
121.33877551;0.555827664399;4;1;80;3;1;0.362222222222;"""4/4""";91;34;0;3;C7;A1;rhythm_si
121.923628118;0.171247165533;4;4;80;4;4;0.36156462585;"""4/4""";91;34;0;3;C7;A1;rhythm_si
123.448979592;0.175510204082;4;1;82;1;1;0.354988662132;"""4/4""";87;35;1;3;F7;B1;#fragment
124.87755102;0.218367346939;4;3;83;1;1;0.365215419501;"""4/4""";85;36;1;3;Db6;B1;fragment
125.120408163;0.128571428571;4;3;83;1;3;0.365215419501;"""4/4""";83;36;0;3;Db6;B1;fragment
125.293877551;0.134693877551;4;1;83;2;1;0.346916099773;"""4/4""";82;36;0;3;Db6;B1;fragment
126.303492063;0.14947845805;4;4;84;1;1;0.340317460317;"""4/4""";80;37;1;3;Db6;B1;line_w_d
126.46893424;0.0536961451247;4;4;84;1;3;0.340317460317;"""4/4""";81;37;0;3;Db6;B1;line_w_d
126.541496599;0.103038548753;4;4;84;1;4;0.340317460317;"""4/4""";80;37;0;3;Db6;B1;line_w_d
126.647437642;0.171247165533;4;2;84;2;1;0.341292517007;"""4/4""";78;37;0;3;Db6;B1;line_w_d
126.839002268;0.137868480726;4;2;84;2;2;0.341292517007;"""4/4""";79;37;0;3;Db6;B1;line_w_d
127.01170068;0.201723356009;4;3;84;3;1;0.36514739229;"""4/4""";80;37;0;3;Db6;B1;line_w_d
127.238095238;0.089977324263;4;3;84;3;3;0.36514739229;"""4/4""";78;37;0;3;Db6;B1;line_w_d
127.33968254;0.161088435374;4;2;84;4;1;0.334829931973;"""4/4""";79;37;0;3;Db6;B1;line_w_d
127.53414966;0.146575963719;4;2;84;4;2;0.334829931973;"""4/4""";75;37;0;3;Db6;B1;line_w_d
127.705396825;0.139319727891;4;4;85;1;1;0.357732426304;"""4/4""";77;37;0;3;Bb-7;B1;line_w_d
127.854875283;0.0449886621315;4;4;85;1;3;0.357732426304;"""4/4""";79;37;0;3;Bb-7;B1;line_w_d
127.91292517;0.127709750567;4;4;85;1;4;0.357732426304;"""4/4""";77;37;0;3;Bb-7;B1;line_w_d
128.060952381;0.145124716553;4;2;85;2;1;0.344195011338;"""4/4""";73;37;0;3;Bb-7;B1;line_w_d
128.239795918;0.126530612245;4;2;85;2;2;0.344195011338;"""4/4""";77;37;0;3;Bb-7;B1;line_w_d
128.376530612;0.184693877551;4;4;85;3;1;0.34253968254;"""4/4""";76;37;0;3;Bb-7;B1;line_w_d
128.631632653;0.0877551020408;4;4;85;3;4;0.34253968254;"""4/4""";72;37;0;3;Bb-7;B1;line_w_d
128.747959184;0.172448979592;4;2;85;4;1;0.337664399093;"""4/4""";75;37;0;3;Bb-7;B1;line_w_d
128.942857143;0.167346938776;4;2;85;4;2;0.337664399093;"""4/4""";74;37;0;3;Bb-7;B1;line_w_d
129.126530612;0.195918367347;4;1;86;1;1;0.346916099773;"""4/4""";73;37;0;3;Eb7;B1;line_w_d
129.480612245;0.14387755102;4;1;86;2;1;0.345079365079;"""4/4""";65;37;0;3;Eb7;B1;lick
129.810204082;0.29693877551;4;1;86;3;1;0.345283446712;"""4/4""";68;37;0;3;Eb7;B1;lick
130.179591837;0.15;4;1;86;4;1;0.347256235828;"""4/4""";72;37;0;3;Eb7;B1;lick
130.513265306;0.517346938776;4;1;87;1;1;0.344126984127;"""4/4""";75;37;0;3;Abj7;B1;lick
131.085714286;0.0989795918367;4;6;87;2;6;0.34925170068;"""4/4""";72;37;0;3;Abj7;B1;lick
131.230748299;0.1820861678;4;2;87;3;2;0.355782312925;"""4/4""";67;37;0;3;Abj7;B1;lick
131.45723356;0.109750566893;4;1;87;4;1;0.350113378685;"""4/4""";65;37;0;3;Abj7;B1;lick
132.81122449;0.0948979591837;4;4;88;3;4;0.347482993197;"""4/4""";63;38;1;3;Abj7;B1;lick
132.913265306;0.130612244898;4;2;88;4;1;0.336326530612;"""4/4""";60;38;0;3;Abj7;B1;lick
133.079591837;0.178571428571;4;2;88;4;2;0.336326530612;"""4/4""";67;38;0;3;Abj7;B1;lick
133.289795918;0.209183673469;4;1;89;1;1;0.357437641723;"""4/4""";70;38;0;3;Ab7;B1;lick
134.186666667;0.146575963719;4;4;89;3;4;0.347709750567;"""4/4""";67;39;1;3;Ab7;B1;lick
134.350657596;0.158185941043;4;4;89;4;2;0.329115646259;"""4/4""";68;39;0;3;Ab7;B1;lick
134.536417234;0.49052154195;4;4;89;4;4;0.329115646259;"""4/4""";63;39;0;3;Ab7;B1;lick
136.256145125;0.132063492063;4;2;91;1;2;0.347619047619;"""4/4""";66;40;1;3;Eb6;B1;##lick
136.411428571;0.0812698412698;4;4;91;2;1;0.330317460317;"""4/4""";67;40;0;3;Eb6;B1;##lick
136.549297052;0.0428117913832;4;4;91;2;3;0.330317460317;"""4/4""";70;40;0;3;Eb6;B1;##lick
136.60154195;0.134240362812;4;4;91;2;4;0.330317460317;"""4/4""";74;40;0;3;Eb6;B1;##lick
136.777142857;0.169795918367;4;1;91;3;1;0.340793650794;"""4/4""";77;40;0;3;Eb6;B1;##lick
137.346938776;0.0918367346939;4;6;91;4;6;0.33306122449;"""4/4""";70;40;0;3;Eb6;B1;lick
137.47755102;0.148979591837;4;1;92;1;1;0.376213151927;"""4/4""";74;40;0;3;C7;B1;lick
137.766893424;0.100136054422;4;4;92;2;1;0.337891156463;"""4/4""";77;40;0;3;C7;B1;lick
137.872834467;0.0580498866213;4;4;92;2;2;0.337891156463;"""4/4""";79;40;0;3;C7;B1;lick
137.936689342;0.0406349206349;4;4;92;2;3;0.337891156463;"""4/4""";77;40;0;3;C7;B1;lick
137.991836735;0.127709750567;4;4;92;2;4;0.337891156463;"""4/4""";74;40;0;3;C7;B1;lick
138.1630839;0.163265306122;4;4;92;3;2;0.369410430839;"""4/4""";76;40;0;3;C7;B1;lick
138.409183673;0.0928571428571;4;4;92;3;4;0.369410430839;"""4/4""";72;40;0;3;C7;B1;lick
139.053424036;0.0660317460317;4;6;93;1;5;0.352675736961;"""4/4""";75;41;1;3;F7;B1;lick
139.127437642;0.087074829932;4;6;93;1;6;0.352675736961;"""4/4""";72;41;0;3;F7;B1;lick
139.25877551;0.101587301587;4;3;93;2;2;0.341632653061;"""4/4""";79;41;0;3;F7;B1;lick
139.3661678;0.130612244898;4;3;93;2;3;0.341632653061;"""4/4""";84;41;0;3;F7;B1;lick
139.53015873;0.333786848073;4;1;93;3;1;0.335215419501;"""4/4""";79;41;0;3;F7;B1;lick
139.907482993;0.12335600907;4;1;93;4;1;0.327732426304;"""4/4""";72;41;0;3;F7;B1;lick
140.241269841;0.325079365079;4;1;94;1;1;0.350113378685;"""4/4""";75;41;0;3;Bb7;B1;lick
140.593922902;0.19156462585;4;1;94;2;1;0.351587301587;"""4/4""";72;41;0;3;Bb7;B1;lick
140.953061224;0.195918367347;4;4;94;3;2;0.367573696145;"""4/4""";79;41;0;3;Bb7;B1;lick
141.157142857;0.157142857143;4;4;94;3;4;0.367573696145;"""4/4""";82;41;0;3;Bb7;B1;lick
141.32755102;0.170408163265;4;4;94;4;2;0.35179138322;"""4/4""";79;41;0;3;Bb7;B1;lick
141.509183673;0.134693877551;4;4;94;4;4;0.35179138322;"""4/4""";77;41;0;3;Bb7;B1;lick
141.655102041;0.183673469388;4;2;95;1;1;0.388004535147;"""4/4""";75;41;0;3;Eb6;B1;lick
141.864285714;0.148979591837;4;2;95;1;2;0.388004535147;"""4/4""";70;41;0;3;Eb6;B1;lick
142.32244898;0.174489795918;4;4;95;3;1;0.371904761905;"""4/4""";75;41;0;3;Eb6;B1;lick
142.501020408;0.102040816327;4;4;95;3;3;0.371904761905;"""4/4""";77;41;0;3;Eb6;B1;lick
142.613265306;0.0642857142857;4;4;95;3;4;0.371904761905;"""4/4""";75;41;0;3;Eb6;B1;lick
142.697959184;0.160204081633;4;2;95;4;1;0.352222222222;"""4/4""";74;41;0;3;Eb6;B1;lick
142.874489796;0.15;4;2;95;4;2;0.352222222222;"""4/4""";77;41;0;3;Eb6;B1;lick
143.03877551;0.182653061224;4;2;96;1;1;0.361473922902;"""4/4""";75;41;0;3;Eb6;B1;lick
143.26122449;0.189795918367;4;2;96;1;2;0.361473922902;"""4/4""";66;41;0;3;Eb6;B1;lick
143.583673469;0.158163265306;4;2;96;2;2;0.354920634921;"""4/4""";70;41;0;3;Eb6;B1;lick
143.757142857;0.184693877551;4;2;96;3;1;0.350589569161;"""4/4""";74;41;0;3;Eb6;B1;lick
143.954081633;0.15;4;2;96;3;2;0.350589569161;"""4/4""";77;41;0;3;Eb6;B1;lick
144.114285714;0.198979591837;4;3;96;4;1;0.3279138322;"""4/4""";76;41;0;3;Eb6;B1;lick
144.33877551;0.112244897959;4;3;96;4;3;0.3279138322;"""4/4""";74;41;0;3;Eb6;B1;lick
144.47244898;0.160204081633;4;1;97;1;1;0.358775510204;"""4/4""";75;41;0;4;F7;A1;lick
145.501315193;0.134240362812;4;6;97;4;1;0.340952380952;"""4/4""";69;42;1;4;F7;A1;lick
145.647165533;0.06820861678;4;6;97;4;4;0.340952380952;"""4/4""";74;42;0;4;F7;A1;lick
145.72553288;0.0464399092971;4;6;97;4;5;0.340952380952;"""4/4""";75;42;0;4;F7;A1;lick
145.783582766;0.077641723356;4;6;97;4;6;0.340952380952;"""4/4""";79;42;0;4;F7;A1;lick
145.88154195;0.12843537415;4;2;98;1;1;0.357596371882;"""4/4""";78;42;0;4;Bb7;A1;lick
146.058594104;0.108843537415;4;2;98;1;2;0.357596371882;"""4/4""";74;42;0;4;Bb7;A1;lick
147.24185941;0.0982766439909;4;5;99;1;1;0.361995464853;"""4/4""";77;43;1;4;Eb6;A1;lick
147.346621315;0.0583673469388;4;5;99;1;3;0.361995464853;"""4/4""";79;43;0;4;Eb6;A1;lick
147.412970522;0.072335600907;4;5;99;1;4;0.361995464853;"""4/4""";77;43;0;4;Eb6;A1;lick
147.501768707;0.0833106575964;4;5;99;1;5;0.361995464853;"""4/4""";74;43;0;4;Eb6;A1;lick
147.618503401;0.100770975057;4;6;99;2;2;0.3420861678;"""4/4""";76;43;0;4;Eb6;A1;lick
147.725714286;0.0468027210884;4;6;99;2;4;0.3420861678;"""4/4""";79;43;0;4;Eb6;A1;lick
147.779047619;0.0925170068027;4;6;99;2;5;0.3420861678;"""4/4""";76;43;0;4;Eb6;A1;lick
147.876281179;0.134603174603;4;6;99;2;6;0.3420861678;"""4/4""";74;43;0;4;Eb6;A1;lick
148.025759637;0.158185941043;4;2;99;3;2;0.344580498866;"""4/4""";75;43;0;4;Eb6;A1;lick
148.22861678;0.114240362812;4;4;99;4;1;0.345215419501;"""4/4""";70;43;0;4;Eb6;A1;lick
148.368367347;0.172448979592;4;4;99;4;2;0.345215419501;"""4/4""";67;43;0;4;Eb6;A1;lick
148.557142857;0.0755102040816;4;4;99;4;4;0.345215419501;"""4/4""";68;43;0;4;Eb6;A1;lick
148.657052154;0.175600907029;4;1;100;1;1;0.366802721088;"""4/4""";70;43;0;4;Eb6;A1;lick
149.541836735;0.119387755102;4;2;100;3;2;0.37126984127;"""4/4""";75;44;1;4;Eb6;A1;lick
149.681632653;0.187755102041;4;3;100;4;1;0.328480725624;"""4/4""";79;44;0;4;Eb6;A1;lick
149.898979592;0.144897959184;4;3;100;4;3;0.328480725624;"""4/4""";82;44;0;4;Eb6;A1;lick
151.426031746;0.223492063492;4;1;102;1;1;0.345827664399;"""4/4""";85;45;1;4;Bb-7;A1;lick
151.778684807;0.171247165533;4;2;102;2;1;0.335646258503;"""4/4""";84;45;0;4;Eb7;A1;lick
151.968798186;0.182857142857;4;2;102;2;2;0.335646258503;"""4/4""";83;45;0;4;Eb7;A1;lick
152.183582766;0.181405895692;4;1;102;3;1;0.35;"""4/4""";81;45;0;4;Eb7;A1;lick
154.18877551;0.476530612245;4;1;104;1;1;0.365056689342;"""4/4""";84;46;1;4;Abj7;A1;lick
154.760204082;0.154081632653;4;2;104;2;2;0.348934240363;"""4/4""";82;46;0;4;Abj7;A1;lick
154.960204082;0.205102040816;4;4;104;3;2;0.347505668934;"""4/4""";80;46;0;4;Abj7;A1;lick
155.204081633;0.126530612245;4;4;104;3;4;0.347505668934;"""4/4""";82;46;0;4;Abj7;A1;lick
155.496938776;0.425510204082;4;2;104;4;2;0.337505668934;"""4/4""";80;46;0;4;Abj7;A1;lick
155.964285714;0.171428571429;4;2;105;2;1;0.334671201814;"""4/4""";78;46;0;4;Ab6;A1;lick
156.155102041;0.159183673469;4;2;105;2;2;0.334671201814;"""4/4""";77;46;0;4;Ab6;A1;lick
156.347959184;0.174489795918;4;2;105;3;1;0.358344671202;"""4/4""";75;46;0;4;Ab6;A1;lick
156.529591837;0.132653061224;4;2;105;3;2;0.358344671202;"""4/4""";77;46;0;4;Ab6;A1;lick
156.682653061;0.166326530612;4;2;105;4;1;0.324535147392;"""4/4""";75;46;0;4;Ab6;A1;lick
156.865306122;0.585714285714;4;2;105;4;2;0.324535147392;"""4/4""";77;46;0;4;Ab6;A1;lick
158.576530612;0.120408163265;4;2;107;1;2;0.341020408163;"""4/4""";75;47;1;4;Eb6;A1;fragment
158.714285714;0.158163265306;4;1;107;2;1;0.337392290249;"""4/4""";79;47;0;4;Eb6;A1;fragment
159.744897959;0.221428571429;4;1;108;1;1;0.360181405896;"""4/4""";82;48;1;4;C7;A1;lick
160.303061224;0.142857142857;4;2;108;2;2;0.342448979592;"""4/4""";79;48;0;4;C7;A1;lick
160.475510204;0.202040816327;4;3;108;3;1;0.346553287982;"""4/4""";82;48;0;4;C7;A1;lick
160.702403628;0.589206349206;4;3;108;3;3;0.346553287982;"""4/4""";86;48;0;4;C7;A1;lick
162.186734694;0.174489795918;4;1;109;4;1;0.334263038549;"""4/4""";84;49;1;4;F7;A1;lick
162.482653061;0.154081632653;4;4;110;1;1;0.357959183673;"""4/4""";87;49;0;4;F7;A1;lick
162.694897959;0.0928571428571;4;4;110;1;3;0.357959183673;"""4/4""";85;49;0;4;F7;A1;lick
162.796938776;0.0683673469388;4;4;110;1;4;0.357959183673;"""4/4""";84;49;0;4;F7;A1;lick
162.873469388;0.161224489796;4;2;110;2;1;0.342199546485;"""4/4""";83;49;0;4;F7;A1;lick
163.073469388;0.139795918367;4;2;110;2;2;0.342199546485;"""4/4""";86;49;0;4;F7;A1;lick
163.230612245;0.172448979592;4;2;110;3;1;0.342154195011;"""4/4""";84;49;0;4;F7;A1;lick
163.435555556;0.174603174603;4;2;110;3;2;0.342154195011;"""4/4""";79;49;0;4;F7;A1;lick
163.61814059;0.165623582766;4;4;110;4;2;0.329841269841;"""4/4""";77;49;0;4;F7;A1;lick
163.797732426;0.107755102041;4;4;110;4;4;0.329841269841;"""4/4""";75;49;0;4;F7;A1;lick
163.923945578;0.20253968254;4;1;111;1;1;0.346734693878;"""4/4""";79;49;0;4;Bb7;A1;lick
164.198979592;0.131632653061;4;4;111;2;1;0.353174603175;"""4/4""";72;49;0;4;Bb7;A1;lick
164.473469388;0.186734693878;4;4;111;2;4;0.353174603175;"""4/4""";75;49;0;4;Bb7;A1;lick
164.674489796;0.19387755102;4;2;111;3;2;0.334875283447;"""4/4""";74;49;0;4;Bb7;A1;lick
164.892857143;0.470408163265;4;1;111;4;1;0.35746031746;"""4/4""";70;49;0;4;Bb7;A1;lick
165.978571429;0.244897959184;4;4;112;3;1;0.345328798186;"""4/4""";72;50;1;4;C7;A1;lick
166.271428571;0.304081632653;4;4;112;3;4;0.345328798186;"""4/4""";77;50;0;4;C7;A1;lick
166.587755102;0.0877551020408;4;2;112;4;2;0.349569160998;"""4/4""";75;50;0;4;C7;A1;lick
166.689795918;0.179591836735;4;4;113;1;1;0.346575963719;"""4/4""";79;50;0;4;F7;B1;lick
166.942857143;0.0928571428571;4;4;113;1;4;0.346575963719;"""4/4""";72;50;0;4;F7;B1;lick
168.000725624;0.0914285714286;4;2;113;4;2;0.330362811791;"""4/4""";75;51;1;4;F7;B1;lick
168.137868481;0.145124716553;4;2;114;1;1;0.35201814059;"""4/4""";78;51;0;4;Bb7;B1;lick
168.297505669;0.156009070295;4;2;114;1;2;0.35201814059;"""4/4""";79;51;0;4;Bb7;B1;lick
168.483265306;0.161088435374;4;2;114;2;1;0.334444444444;"""4/4""";80;51;0;4;Bb7;B1;lick
168.674829932;0.140770975057;4;2;114;2;2;0.334444444444;"""4/4""";81;51;0;4;Bb7;B1;lick
168.838095238;0.161814058957;4;2;114;3;1;0.370090702948;"""4/4""";82;51;0;4;Bb7;B1;lick
169.041269841;0.10231292517;4;2;114;3;2;0.370090702948;"""4/4""";75;51;0;4;Bb7;B1;lick
169.179863946;0.180680272109;4;2;114;4;1;0.341201814059;"""4/4""";78;51;0;4;Bb7;B1;lick
169.378684807;0.134240362812;4;2;114;4;2;0.341201814059;"""4/4""";79;51;0;4;Bb7;B1;lick
169.541950113;0.156734693878;4;2;115;1;1;0.358367346939;"""4/4""";75;51;0;4;Eb6;B1;lick
169.716099773;0.0834467120181;4;2;115;1;2;0.358367346939;"""4/4""";77;51;0;4;Eb6;B1;lick
169.81478458;0.0696598639456;4;4;115;2;1;0.329523809524;"""4/4""";75;51;0;4;Eb6;B1;lick
169.896780045;0.212607709751;4;4;115;2;2;0.329523809524;"""4/4""";73;51;0;4;Eb6;B1;lick
170.120997732;0.0921541950113;4;4;115;2;4;0.329523809524;"""4/4""";70;51;0;4;Eb6;B1;lick
170.236371882;0.233650793651;4;6;115;3;2;0.353174603175;"""4/4""";73;51;0;4;Eb6;B1;lick
170.484693878;0.504081632653;4;6;115;3;6;0.353174603175;"""4/4""";75;51;0;4;Eb6;B1;lick
172.105102041;0.112244897959;4;2;116;4;2;0.31485260771;"""4/4""";70;52;1;4;Eb6;B1;lick
172.235714286;0.216326530612;4;4;117;1;1;0.354557823129;"""4/4""";73;52;0;4;Bb-7;B1;lick
172.498979592;0.157142857143;4;4;117;1;4;0.354557823129;"""4/4""";77;52;0;4;Bb-7;B1;lick
172.825510204;0.145918367347;4;4;117;2;4;0.334965986395;"""4/4""";72;52;0;4;Bb-7;B1;lick
173.139795918;0.458163265306;4;2;117;3;2;0.365102040816;"""4/4""";75;52;0;4;Bb-7;B1;lick
173.653061224;0.166326530612;4;1;118;1;1;0.351201814059;"""4/4""";73;52;0;4;Eb7;B1;lick
174.003061224;0.159183673469;4;1;118;2;1;0.333990929705;"""4/4""";65;52;0;4;Eb7;B1;lick
174.332653061;0.309183673469;4;1;118;3;1;0.371496598639;"""4/4""";68;52;0;4;Eb7;B1;lick
174.694897959;0.188775510204;4;1;118;4;1;0.319274376417;"""4/4""";72;52;0;4;Eb7;B1;lick
175.023469388;0.504081632653;4;1;119;1;1;0.343129251701;"""4/4""";75;52;0;4;Abj7;B1;lick
176.584852608;0.124807256236;4;2;120;1;2;0.356598639456;"""4/4""";68;53;1;4;Abj7;B1;lick
176.72707483;0.156734693878;4;2;120;2;1;0.327097505669;"""4/4""";72;53;0;4;Abj7;B1;lick
176.915736961;0.132063492063;4;2;120;2;2;0.327097505669;"""4/4""";75;53;0;4;Abj7;B1;lick
177.082630385;0.139319727891;4;2;120;3;1;0.338231292517;"""4/4""";77;53;0;4;Abj7;B1;lick
177.268390023;0.148027210884;4;2;120;3;2;0.338231292517;"""4/4""";75;53;0;4;Abj7;B1;lick
177.441088435;0.145124716553;4;1;120;4;1;0.337346938776;"""4/4""";72;53;0;4;Abj7;B1;lick
177.75600907;0.468752834467;4;1;121;1;1;0.356916099773;"""4/4""";75;53;0;4;Ab7;B1;lick
179.612244898;0.124489795918;4;2;122;2;2;0.32641723356;"""4/4""";68;54;1;4;Ao7;B1;lick
179.745918367;0.228571428571;4;4;122;3;1;0.337210884354;"""4/4""";71;54;0;4;Ao7;B1;lick
179.992857143;0.188775510204;4;4;122;3;4;0.337210884354;"""4/4""";75;54;0;4;Ao7;B1;lick
180.990816327;0.10306122449;4;2;123;2;2;0.339818594104;"""4/4""";67;55;1;4;Eb6;B1;lick
181.103061224;0.268367346939;4;4;123;3;1;0.334603174603;"""4/4""";70;55;0;4;Eb6;B1;lick
181.381632653;0.0755102040816;4;4;123;3;4;0.334603174603;"""4/4""";74;55;0;4;Eb6;B1;lick
181.467346939;0.20306122449;4;4;123;4;1;0.339546485261;"""4/4""";77;55;0;4;Eb6;B1;lick
181.714285714;0.151020408163;4;4;123;4;4;0.339546485261;"""4/4""";74;55;0;4;Eb6;B1;lick
182.010204082;0.328571428571;4;2;124;1;2;0.376054421769;"""4/4""";77;55;0;4;C7;B1;lick
182.348979592;0.0836734693878;4;4;124;2;3;0.334058956916;"""4/4""";79;55;0;4;C7;B1;lick
182.441836735;0.0765306122449;4;4;124;2;4;0.334058956916;"""4/4""";77;55;0;4;C7;B1;lick
182.542857143;0.137755102041;4;2;124;3;1;0.34768707483;"""4/4""";76;55;0;4;C7;B1;lick
182.7;0.129591836735;4;2;124;3;2;0.34768707483;"""4/4""";72;55;0;4;C7;B1;lick
182.852040816;0.15612244898;4;1;124;4;1;0.337505668934;"""4/4""";75;55;0;4;C7;B1;lick
183.208163265;0.132653061224;4;2;125;1;1;0.358934240363;"""4/4""";78;55;0;4;F7;B1;lick
183.36122449;0.9;4;2;125;1;2;0.358934240363;"""4/4""";79;55;0;4;F7;B1;lick
184.404081633;0.129591836735;4;2;125;4;2;0.330634920635;"""4/4""";75;55;0;4;F7;B1;lick
184.551020408;0.168367346939;4;2;126;1;1;0.338548752834;"""4/4""";78;55;0;4;F7;B1;lick
184.734693878;0.14387755102;4;2;126;1;2;0.338548752834;"""4/4""";79;55;0;4;Bb7;B1;lick
184.894897959;0.194897959184;4;3;126;2;1;0.328072562358;"""4/4""";80;55;0;4;Bb7;B1;lick
185.108163265;0.131632653061;4;3;126;2;3;0.328072562358;"""4/4""";79;55;0;4;Bb7;B1;lick
185.28877551;0.136734693878;4;6;126;3;2;0.34410430839;"""4/4""";75;55;0;4;Bb7;B1;lick
185.444716553;0.065306122449;4;6;126;3;5;0.34410430839;"""4/4""";79;55;0;4;Bb7;B1;lick
185.519818594;0.0595011337868;4;6;126;3;6;0.34410430839;"""4/4""";75;55;0;4;Bb7;B1;lick
185.587664399;0.182131519274;4;3;126;4;1;0.338344671202;"""4/4""";73;55;0;4;Bb7;B1;lick
185.800997732;0.190839002268;4;3;126;4;3;0.338344671202;"""4/4""";75;55;0;4;Bb7;B1;lick
